gender,title,first_name,last_name,birth_date,social_security_number,street_address,secondary_address,post_code,city,state,latitude,longitude,phone_number,email,credit_card_type,credit_card_number,credit_card_expiration_date,iban,bank_account_number,swift_bic_number,company,job_title
female,Mrs.,Oleta,Beer,2006-11-29,411-73-9801,273 Nolan Fall,,61801,Austinport,Maryland,-45.585392,-177.031833,551-783-9161,dvonrueden@gaylord.com,American Express,3432-0938-4608-140,04/24,NL08XLDG5657546946,16615412138072,IECHVIKB03Q,Kirlin-Greenfelder,Real Estate Association Manager
male,Prof.,Sage,Kshlerin,2012-07-05,155-28-9420,8084 Thelma Fords,,26579,Huelstown,Idaho,32.061492,7.662441,+1-575-615-1469,alana.boehm@langosh.net,Discover Card,6011-4005-1298-7914,02/25,SI58317197085139925,9973249371111,SUTOZE84TPA,Morar PLC,Optical Instrument Assembler
female,Mrs.,Lilyan,Leuschke,1949-11-21,686-53-2530,89239 Aidan Loaf,,24155,Hunterland,New Mexico,17.087621,43.217678,1-628-477-6322,jraynor@yahoo.com,JCB,3528-4854-1301-9639,03/26,RO78WHHMCK9J31BI976O2B3P,518804855253,RMSQRA7Y,Hane and Sons,Personal Service Worker
female,Dr.,Rafaela,Corkery,1972-05-21,559-13-3786,779 Parisian Fall Apt. 746,,16995,Runolfssonport,Washington,-17.008079,179.109427,+1 (602) 307-1631,nwehner@kihn.com,MasterCard,5268-3428-4594-9058,08/24,KZ448409WD6M96KT9VJ4,9880217631528,QOLWIUIUDKP,Carroll LLC,Caption Writer
male,Prof.,Jaren,Waters,1982-06-20,551-86-5512,69931 Sallie Summit,,41757-9854,Dorabury,Oklahoma,50.678513,71.077755,1-623-792-6936,pziemann@wiegand.info,Visa,4716-1382-7065-3152,04/24,SI22808341914190691,247777348135,LXTXFE0X,Feil Brown and Bosco,Pharmaceutical Sales Representative
female,Miss,Lura,Mohr,1981-02-03,127-79-1113,104 Homenick Viaduct,,3541,North Zoila,South Dakota,-60.150659,-77.145773,(870) 424-0777,pmoore@hotmail.com,Discover Card,6011-8914-4294-6451,09/26,NL81VHHQ9711048984,48448159509,IEZIFRIE5UA,Schuppe-Doyle,Loan Interviewer
male,Prof.,Devyn,Heathcote,1990-10-26,660-12-6071,32843 Rickie Way Apt. 290,Suite 041,11565-5229,East Adelia,Nebraska,68.550539,49.750858,+1-531-819-2037,labbott@romaguera.info,MasterCard,5307-8546-4542-5439,07/24,LI2315199ILRW9B9BB1J3,3425632243,WAFQRSDAMW3,Quigley Hudson and Hickle,Paving Equipment Operator
male,Dr.,Jerome,Morar,1974-11-29,752-80-3651,3016 Upton Curve Apt. 400,,9848,East Zola,South Carolina,-36.516618,157.089931,+1-216-323-4234,shanon40@bruen.com,Visa,4431-9772-7227-9795,06/25,AE116584816505249776609,48689204742,CPYJBXPJ,Morar and Sons,Stonemason
female,Mrs.,Rosetta,Bauch,1996-06-02,350-49-1217,2875 Damon Extension Suite 758,,10177-1570,South Jayme,Nebraska,-10.675966,115.62832,+1-941-964-8919,leuschke.giuseppe@hotmail.com,Visa,4485-0875-8035-1966,02/25,HU52617230581361733249600542,1170493595045,KVLJFYD8R9C,Zulauf Inc,Staff Psychologist
female,Miss,Dayana,Haley,1964-07-12,818-60-8252,9007 Bradtke Bridge,,36996,Boyerhaven,Utah,32.465354,114.477688,+1-520-268-2288,heller.janie@yahoo.com,Visa Retired,4288-4249-2983-1,12/26,LB40384158BE4UB3X6RO62U043A3,33546354117,VAQXLX6A3JK,Crooks Kuhn and Abernathy,Fabric Pressers
female,Ms.,Zoe,Welch,1991-04-02,158-32-9880,243 Lee Isle Apt. 077,,38744,McCulloughview,Iowa,-56.431008,-164.907451,1-628-361-7275,augustine.dach@ledner.com,MasterCard,2305-7399-4690-1379,08/24,ME47127084205608376129,45987570,QOKEWQ5C0XE,Pagac-West,Amusement Attendant
female,Prof.,Lenna,Rogahn,2003-07-02,824-53-1871,716 Ellis Ranch,Suite 896,17193-3155,North Horacio,South Carolina,56.40912,167.222229,(360) 957-4495,dubuque.gerardo@gmail.com,MasterCard,5580-1575-2339-0883,03/24,ES8016963478185816502709,52464955402,YJRBGY4N,Erdman and Sons,Cafeteria Cook
female,Ms.,Luz,Connelly,1940-11-17,773-02-1928,2985 Stamm Manors,Suite 919,21329-5117,Shannaborough,Maryland,-7.733984,168.351298,+1-501-757-1903,kelsi.von@kuhic.com,Discover Card,6011-5121-3829-6270,04/26,PT78019524714238513841963,93886,AWFDWX7JCS9,Fisher Conn and Homenick,Customer Service Representative
male,Prof.,Maxine,Anderson,1991-10-17,472-68-6494,55143 Corkery Oval Apt. 814,Apt. 388,70818,Strackeburgh,Oklahoma,-14.413767,150.571531,1-408-899-5781,maud64@schimmel.com,MasterCard,5273-4058-7414-3506,10/26,TN4967908430391992679613,7734825178045,OLWOHBGAKPE,Hammes-Waelchi,Precision Pattern and Die Caster
male,Dr.,Cordelia,Kirlin,1976-01-02,577-13-4915,6553 Towne Drive Apt. 039,Apt. 667,10132-2942,Ziemeside,Georgia,-58.794068,-161.391607,15859741096,desiree.collier@yahoo.com,JCB,3589-2105-3834-6816,09/26,CR06701418539423845613,72192785217,POKKDTEV,Berge PLC,Precision Etcher and Engraver
female,Dr.,Destany,Barrows,2012-09-26,756-83-3491,3060 Gilbert Square Suite 297,,03863-5511,New Clovis,Virginia,-27.512438,-171.448631,+1-386-928-2870,nestor94@haley.biz,Discover Card,6011-8724-6230-2429,04/26,LI6394488Y9E68C55N9TR,3088582879895,SBPRSZU5,Terry-Frami,Budget Analyst
female,Mrs.,Katrine,Gottlieb,1949-06-09,076-90-0469,3219 Runte Overpass Suite 147,Suite 376,29912,Port Damaris,Utah,3.578875,-17.02602,1-256-824-4624,kautzer.marisa@stoltenberg.com,American Express,3776-2187-2838-063,10/24,EG620690831241423409729748260,809957294689,UPVVUZHJ,Russel-Wintheiser,Clinical Laboratory Technician
male,Mr.,Omer,Friesen,1982-01-07,626-52-3252,713 Noe Summit Apt. 872,Suite 471,88999,Velmashire,Oklahoma,19.280876,164.579259,+1-859-700-2965,mandy11@yahoo.com,Visa Retired,4916-3493-4710-7,02/25,KZ81364392T3J5N2VT68,23496149305,SSNTWGZPWYQ,Mills-Satterfield,Psychologist
male,Mr.,Morris,Zemlak,1967-03-03,308-80-4131,84116 Dach Lake,Apt. 690,00552-5988,South Xander,Texas,-13.256018,-174.129872,1-279-873-9755,jast.mavis@willms.com,Visa,4916-3573-9707-2124,12/25,CZ0834516834314003044989,6437356123840,NDYBSK8EW1Q,Bergnaum-Feest,Soil Scientist OR Plant Scientist
female,Miss,Lisette,Yost,2003-01-01,778-57-9279,684 Roger Knoll Suite 074,,52096,Hettingerstad,Utah,87.543694,133.47684,716-617-0435,jsawayn@gmail.com,Visa,4532-1566-6749-9981,12/26,MC3815444598394U8QQ90845V68,857118107010,ITFXESI2,Schiller-Hauck,Substance Abuse Social Worker
male,Mr.,Emiliano,Pollich,1942-11-18,025-23-2462,1399 Nicolas Extensions,,03837-1416,South Braxtonburgh,Kentucky,1.636291,-35.798058,+1-480-663-6113,eschumm@gmail.com,Visa,4916-9678-4290-3077,09/26,IE55QGPC26849133433913,542943431,NBKXFNKX,Fahey Terry and Boehm,Surveying and Mapping Technician
female,Dr.,Candida,O'Hara,2009-03-06,183-84-6548,652 Harrison Walk,,81199-6421,Port Lerafurt,Wisconsin,-89.317254,-120.557603,(281) 241-0478,kreiger.wilton@yahoo.com,MasterCard,2562-2334-3192-6610,12/24,BE60069609291018,75146257,JVKMOQL82B6,Towne PLC,Auditor
female,Prof.,Linnea,Balistreri,2006-04-18,825-42-7658,4549 Ortiz Fort Suite 864,,17073,Lazarostad,New Mexico,77.07278,133.013103,19013453603,istiedemann@yahoo.com,Visa Retired,4071-9307-6615-6,07/26,GB05OFYT93057452298787,91920409838,KOPQLQVCUN6,Schiller-Hagenes,Recreation and Fitness Studies Teacher
female,Prof.,Meredith,Fadel,1968-11-27,521-70-3849,649 Destin Vista Apt. 804,,84328,West Verona,Florida,62.65751,-110.928764,351-894-2624,jbartoletti@gmail.com,Visa,4532-5097-5742-9856,11/26,AZ27PMMLL06J5F66889B312X7P2Z,376368620043,EHYDAF8Z,Mertz Group,General Practitioner
female,Ms.,Meagan,Gaylord,1990-02-22,561-67-6442,68550 Edyth Springs,,95583-5578,South Laney,New York,26.634424,-36.376536,586.989.8034,ida.stokes@bechtelar.com,Visa,4904-4627-0598-2032,02/25,SK7667687658181714867048,3910989436131,LAFPBOLZO03,Donnelly Ltd,Choreographer
male,Prof.,Christopher,Nicolas,2006-12-06,789-42-6087,799 Herzog Isle Apt. 778,,24326-5410,Spinkaton,Alabama,52.716881,-26.945901,1-607-419-2271,beier.fabiola@yahoo.com,Visa Retired,4556-3682-8810-3,04/24,IS891627230734869254099799,53793653947,TXLMRK8GBO0,Reynolds Abernathy and Gottlieb,Healthcare
male,Mr.,Rhett,Mueller,1975-11-09,748-81-8463,353 Douglas Spur Apt. 124,,93509-9043,Leuschkemouth,Minnesota,3.992862,131.685274,+1-614-963-3566,roger49@dooley.com,American Express,3723-5692-5874-840,08/26,PL26498693974148959699989243,8690530005716,DWWRSFTN,Towne-Carter,Director Of Business Development
male,Mr.,Foster,Jerde,1971-01-13,697-65-5767,28795 Hartmann Walks Suite 742,,55978-3757,Fritschberg,Tennessee,43.388896,-44.651612,12813517535,ichamplin@hand.com,MasterCard,2658-4114-1120-1635,12/25,KZ541040Z0QH5WV5U2YH,910912699,JPKSXFAE,Labadie Gibson and Lebsack,Technical Program Manager
male,Mr.,Olin,Goodwin,1959-06-13,306-47-3681,607 Lafayette Village,,5652,Lake Kyla,Indiana,77.571048,-63.728027,(608) 327-3658,ghyatt@graham.biz,MasterCard,2455-1331-3275-5690,06/25,GT90250JE2SULB01TA8KBEL0G3BD,61651213245060,EEEDUB3MOLL,Keebler-Steuber,General Practitioner
female,Prof.,Augustine,Schumm,2011-09-15,670-19-7263,659 Maggio Path,Suite 741,85896,Randalhaven,Kansas,47.034569,-6.85505,+1-520-798-7495,paucek.constantin@collier.com,Visa,4539-8154-4265-4839,05/24,MK761744F7GCGSPJG58,1121460603279,JCUYEX80,Larson Roob and Strosin,Fire Inspector
male,Prof.,August,Koss,1959-05-18,074-58-1025,4645 Jayme Bypass,Apt. 748,81032-7768,Cullentown,North Dakota,87.669244,-53.455756,+1-228-266-8284,elaina21@hotmail.com,Visa Retired,4716-2255-1074-9,04/24,CZ1051007501723230858554,4098066,PWRORRVFN6L,Murazik-Walker,Education Administrator
male,Dr.,Wallace,Ortiz,1972-10-07,653-84-8820,14908 Maureen Skyway,Apt. 476,13138-0474,Lake Tillman,Vermont,-81.296682,-126.118532,13866500844,pcronin@abshire.biz,MasterCard,2221-6719-1390-4253,04/24,SK5408216136937493681906,8953209929247865,DSLXFJ2K,Schroeder-Lind,Account Manager
male,Dr.,Aurelio,Brown,1967-08-18,412-70-5055,58363 Wolff Station,,4017,West Coraview,Washington,52.309503,86.066777,660.820.5248,lesch.rachelle@hotmail.com,Visa,4485-5507-6035-7343,11/25,BG20RUGU503425543OG9GS,346734250,IHGBXW00,Hauck-West,Executive Secretary
female,Miss,Juanita,Gerhold,1937-03-25,727-99-5442,9187 Franecki Street,,89712-6530,East Sebastian,Ohio,47.958814,114.380589,817.392.0112,ireilly@yahoo.com,MasterCard,2550-4300-9593-9145,02/27,BG72KYXQ3124515091M4E3,87170112183,MIBHNJOE,Kling-Lang,Computer-Controlled Machine Tool Operator
male,Prof.,Brandt,Osinski,1999-05-24,782-04-4643,38289 Dolores View Apt. 261,,46926,Hanston,California,-21.137261,43.126831,567.721.0081,muller.donald@powlowski.com,MasterCard,2720-3288-1895-4646,02/25,BR8264727141745836810881451M3,617075835538702,NYZEEJFQ,Sauer Sawayn and Murphy,Internist
female,Dr.,Josefa,McKenzie,1999-08-24,796-47-0501,4512 Alexandrea Corner Apt. 521,Apt. 133,46170,South Alanfort,Delaware,-31.516024,-7.763571,(907) 394-0932,cernser@gmail.com,Visa,4545-8348-0298-5693,12/25,ES6454887787557146330455,1475268274464,QVZDLJCOE0F,Stanton-Lynch,Postsecondary Education Administrators
female,Mrs.,Loyce,Walker,1963-02-27,848-15-4758,428 Pascale Prairie Apt. 178,Suite 890,478,Lake Brian,Florida,8.961453,-163.91683,+1 (769) 304-2881,juana.hermann@dietrich.com,MasterCard,2221-4132-2017-6683,07/25,CY7559319478012A984F3S549A17,479809563336,NWKPPRU8,Nader Ltd,Paperhanger
female,Prof.,Claudie,Kub,1985-12-10,355-47-9619,7417 Bartoletti Grove Suite 276,Suite 182,60438,New Maureenbury,New York,-60.896911,105.304162,678-746-7405,zbergnaum@marvin.com,Visa Retired,4716-0717-8282-2,03/26,BH80ACIL5IU1KQ53F2JV0G,1035583,UKFJCGXQ,O'Hara Littel and Brown,Postsecondary Teacher
female,Dr.,Camille,Cronin,1992-01-21,883-51-3036,465 Magali Roads Suite 079,Suite 308,50116-3418,Lizziefort,California,-89.243051,-158.069357,615.513.3235,homenick.stephen@hotmail.com,MasterCard,5481-5855-5479-9715,10/24,AE948590972453762377842,74757005918,GTUZDIWLHKV,Bednar Lebsack and Jaskolski,Computer Programmer
female,Prof.,Violet,Gibson,1994-01-26,883-57-4844,47632 Jonathan Spurs,,08041-0876,Starkberg,Tennessee,69.153932,78.291425,13515666742,winfield.monahan@okuneva.biz,MasterCard,2308-6522-2994-4551,07/26,DK6311691196103520,1243749148808,NFCRUQBULZM,Conroy Ltd,Mathematical Science Teacher
female,Mrs.,Kelsi,Price,1987-02-09,148-73-8964,91006 Dion Turnpike,,99342-3315,South Ricky,Indiana,-65.890681,19.804361,16314087798,hartmann.jamel@hauck.org,Visa,4556-5344-7316-2194,04/24,RO02UEYA2UP4N1133D6Q5UXB,504092438,YAFVMCRS78M,Nienow Ltd,Geographer
female,Miss,Mariana,Jacobson,1955-09-06,330-56-7864,434 Klein Isle,,39174,Oliverburgh,Iowa,-21.698494,-154.736986,(925) 851-3695,dagmar92@gmail.com,MasterCard,5391-1931-0118-5303,10/25,BR4629609263648461274686402H0,4547598,UXCEPAI3,Raynor Ltd,Woodworker
female,Prof.,Annabel,Reynolds,1954-10-08,667-37-0454,50668 Anissa Mountains,,17070-2049,South Laurynville,New Jersey,50.267892,-82.930021,1-520-631-9986,anderson48@yahoo.com,JCB,3528-0764-3718-4200,11/25,AT534879249815210337,51273453436,YFMESPZ64O1,Pfannerstill-Shanahan,Naval Architects
female,Prof.,Brandi,Blanda,1949-01-22,683-39-9595,6626 Madisyn Underpass Suite 936,Apt. 314,31021-7738,Tanyafort,Indiana,26.570201,71.630535,551-572-4858,tyrique.gorczany@stoltenberg.com,Visa,4916-1991-5209-3519,01/26,GE87SU7153427301837895,20699313,ASLCRX2O1AK,Gerhold Group,Armored Assault Vehicle Crew Member
female,Miss,Kira,Sauer,1953-11-21,344-49-7468,22280 Bartoletti Squares Apt. 877,,03903-9330,North Arnoldo,Kansas,-63.697868,-172.335048,339.598.0329,lang.litzy@sporer.org,JCB,3528-0880-9542-5239,12/24,EG919543852337350938662325825,7810143114,XYAXQYL3,Torp Von and Russel,Agricultural Sales Representative
male,Mr.,Kiel,Fisher,1993-07-12,255-52-1709,89928 Schroeder Skyway Apt. 028,,20015,North Alysa,Oregon,-75.175585,131.776322,978-666-9312,kiehn.kelsi@jacobs.com,MasterCard,2564-4328-2117-5592,02/26,PL95536524355118905301068288,848960332301,DXYTBJR2,Torphy-Osinski,Fraud Investigator
male,Dr.,Dale,Armstrong,1972-02-16,821-13-5148,2627 Zboncak Courts Apt. 928,Suite 608,72302,East Vivienneport,Vermont,-44.646249,-99.435305,810-919-3169,maxie41@gmail.com,JCB,3528-5831-0908-6027,09/24,IE60ZXDI18351228360225,81713582300,GFCEVZ45,Carter Inc,Fishing OR Forestry Supervisor
male,Mr.,Evert,Parker,1983-05-09,877-19-2366,6239 Jackeline Branch,,12020,West Imelda,Connecticut,-39.46275,4.791566,1-808-409-3795,ivy72@hotmail.com,MasterCard,5219-8251-4513-3449,02/26,BH19MNFIW3SK929KH2750K,2941098993,OMONGSIU,Hegmann-Kautzer,Pharmacy Technician
female,Miss,Daija,Murazik,1964-10-03,680-38-9055,630 Brooke Garden,,58860-0623,East Ted,Hawaii,-85.704779,28.878994,(331) 483-7914,pbogisich@murazik.net,Visa,4929-6020-4513-3405,01/26,MC984861800626TO4BRBF6KWS19,963591590500987,YVJBYBTV,Koss-Pfeffer,Construction Manager
male,Mr.,Gaston,Schmeler,1993-02-27,345-55-4114,542 Schoen Crossing Apt. 860,,83837,New Gerhard,Ohio,43.045008,-149.978071,1-507-430-1790,mraynor@hotmail.com,MasterCard,2720-8445-0274-7302,06/25,FR5439887858172LI15UJ765422,6079114053,ZUIOHUVB,Mosciski LLC,Textile Machine Operator
female,Mrs.,Alvina,Moen,2002-12-18,550-91-2833,529 Lorenz Pine Suite 502,Suite 610,83252-7409,Ursulashire,Oregon,2.550408,-149.876052,667-232-1025,cmarvin@lang.com,Visa,4532-3177-7055-6667,12/24,RO94MPSNI6LT3MX4D3D251DA,804969790,FQMGXHAQ2U8,Cummings Grimes and Deckow,Preschool Education Administrators
male,Mr.,Afton,Schroeder,1992-07-23,310-85-0495,52997 Juvenal Ways,,71436-2026,West Jocelynside,Delaware,19.006361,-126.341878,1-272-720-0314,lockman.orlo@kautzer.org,Visa,4556-9616-0268-0178,03/26,GI92NFKYE36TFLA8GME6991,187028947,QPAKCNXX0LM,Kiehn Reynolds and Crooks,Administrative Support Supervisors
female,Miss,Eleonore,Lemke,1994-05-02,502-06-5605,88433 Branson Station Suite 315,,35523-8127,New Gertrude,West Virginia,-76.431722,115.703721,320-375-1860,bhills@spinka.info,Visa Retired,4485-1819-6834-7,03/24,ME93330748448508161534,14044819569406,AHJYWXWEPKE,Little Maggio and Romaguera,Coil Winders
female,Ms.,Charity,Franecki,1962-01-12,736-26-2319,330 Eldred Freeway Suite 453,,35094-4499,Port Ettiebury,Utah,-33.296181,-152.165485,1-484-616-7277,hermann.elwin@gottlieb.com,Visa,4716-4277-0481-2439,06/24,LB3184966K0UTDO18E8JY81VIZ7Y,6552783890026,YARXSPQSZAN,Lakin-Beahan,Forming Machine Operator
female,Miss,Ona,Gerlach,1976-07-12,610-42-2364,1534 Kozey Springs,,54314,Cristville,Mississippi,62.337021,70.196781,1-253-275-9498,therese.conroy@barton.net,MasterCard,5377-5893-6712-8937,05/24,AT614782688557639024,3369493622,FRCAHUYR,Wisozk Jones and Cormier,Coaches and Scout
female,Dr.,Dawn,Rosenbaum,1968-01-15,365-38-9912,9639 Emmy Vista Suite 447,,80400-7858,Port Terrill,New Hampshire,50.695818,82.005547,832-954-6891,vprohaska@glover.com,MasterCard,2530-7217-8417-6121,05/25,GE53PT9542829918032272,2957961408,YWDQJF1K,Beahan Cummings and Buckridge,Night Security Guard
female,Miss,Clementina,Eichmann,2004-12-08,758-77-7981,3710 Hills Terrace,Apt. 079,76361,South Summerfort,South Carolina,9.602247,-162.421033,+1-432-969-0333,alicia.okeefe@howell.com,MasterCard,2562-9502-5171-4491,06/26,NO9102804961273,3946598561931,VGXEHCBN,Hyatt Leannon and Herzog,Craft Artist
female,Dr.,Cali,Quigley,1977-10-08,743-03-7057,545 Elfrieda Groves Apt. 573,,74203-4194,Lake Sam,Oklahoma,-8.105309,-118.416657,1-346-889-5146,gertrude.harber@yahoo.com,MasterCard,2562-2983-3934-7003,07/24,ME17836480453885058987,61136353381464,FSPHHNX4,Trantow Mertz and Robel,Construction Carpenter
female,Miss,Justine,Kunde,2000-07-26,175-26-6562,950 Freda Viaduct Suite 907,,19933-3189,Minervaborough,Connecticut,46.701961,-128.123135,424.380.9419,lstroman@gmail.com,JCB,3528-0345-2518-9417,07/24,SM97G464002012843UL71I95G67,5754992351,PSJCRBMOU4G,Hackett-Kuhlman,Airfield Operations Specialist
male,Dr.,Sven,Moore,1972-04-09,885-82-0669,3706 Pagac Creek Apt. 666,Apt. 756,01505-0605,South Cordiefurt,Michigan,-46.040351,-112.175117,+1-410-999-7942,ckuhic@gmail.com,American Express,3768-6106-8656-736,03/24,SI14129958385929197,6572448963,JEGVFC9E,Cassin-Schaden,Gaming Cage Worker
female,Ms.,Freida,Gutmann,1982-05-12,818-14-7817,8131 Koch Hollow Suite 138,,35646,North Opal,Oklahoma,79.950955,167.168178,(325) 518-2543,jane.batz@wilkinson.com,Visa,4615-5634-9403-9429,05/24,CZ9637547573763107878097,3404120585032335,WYJCDNFH,Homenick Becker and Kris,School Bus Driver
male,Mr.,Alphonso,Wiegand,1996-05-14,865-75-4944,9153 Aidan Fort Apt. 791,,71146-8440,East Marquisborough,Iowa,43.30488,-100.237915,1-458-829-5892,forrest.lesch@gmail.com,MasterCard,2673-1573-9665-0541,01/26,GI15EPQOU38MU8DBJYVA1KN,7880699800,QIOWVXEA,Stiedemann Inc,Electrolytic Plating Machine Operator
male,Mr.,Celestino,Collins,1967-05-19,680-33-6283,49343 Jerrold Wells,,67215-7047,Gibsonfurt,Connecticut,-31.258675,-12.52642,+1.831.825.2266,ethan.dach@spencer.com,Visa Retired,4716-5710-8307-7,08/25,MK65553401Z1B1YGO03,5277168142,QCLIQQEK,Gerlach-Farrell,Sawing Machine Operator
male,Prof.,Conrad,Runolfsdottir,1944-03-16,624-84-5683,415 Johathan Pike,,52085-5946,Predovicville,Michigan,-78.613324,42.58352,260.776.6982,cielo.oberbrunner@yahoo.com,MasterCard,5510-2145-9894-5912,04/26,BA358437749241775240,1757637940425,KIHFGAOL,Altenwerth LLC,Supervisor of Police
female,Prof.,Asha,Rutherford,2007-02-09,891-28-9933,3109 Toy Mount Apt. 713,,15438,Ferrychester,West Virginia,-46.795494,100.704151,(463) 352-3678,schmeler.mercedes@yahoo.com,MasterCard,5535-2044-2132-1739,05/26,IT47I57402940171U931T2704B2,88854806491214,YFOIYX9986O,Kilback Schaden and Bosco,Postal Clerk
female,Dr.,Kristin,Keebler,1961-07-21,710-86-3808,589 Noemy Spurs Suite 390,Suite 744,55018-2597,East Haileeport,Vermont,44.127513,-156.866306,(361) 820-3830,ushields@gmail.com,Visa,4485-4022-6903-0452,05/26,IS779041633201497236128984,260235998,HKAXDCZAYI6,McGlynn Inc,Armored Assault Vehicle Crew Member
male,Mr.,Damien,VonRueden,1955-05-09,711-19-2756,79722 O'Conner Camp,Suite 412,74384-4436,New Mckennafort,Oregon,-10.336344,-67.18606,+1-607-641-8898,dakota38@waters.com,Visa,4716-0639-0338-0561,02/25,MK46997XQS552324886,48779486340477,HZYRCXY1IV6,Erdman Inc,Postmasters
female,Mrs.,Scarlett,Hilpert,1996-04-12,709-11-9719,1488 Rice Mission Apt. 984,Apt. 480,44939,Port Justus,Iowa,60.138062,-140.991909,+1-870-875-5200,dovie.ebert@hotmail.com,American Express,3483-6157-7634-899,09/26,PS28ZNFSE28ZD1634MD53321NTFTX,789833071118,TFGPRAVR5BT,Cartwright-Leuschke,Manicurists
female,Miss,Anika,Batz,1984-11-17,086-42-7081,2173 Ethan Highway,Apt. 643,31360-8707,Magnoliahaven,Indiana,-44.686645,81.425301,(586) 732-7700,joany40@quigley.com,MasterCard,5477-7956-4806-9092,11/25,HU34891953577216524931461437,3968267624,WKBDAAJP,Ernser PLC,Medical Equipment Preparer
female,Mrs.,Fabiola,Steuber,1995-10-14,371-95-0379,531 Michel Freeway Apt. 398,Suite 484,35687-1490,West Akeemtown,North Carolina,-30.212888,22.75393,830-435-0318,kbode@hotmail.com,MasterCard,5204-3111-8182-3869,06/26,MR2802418165693611762012184,842689527168,VIZQZT0CSCT,Homenick Treutel and Spinka,Biochemist or Biophysicist
male,Prof.,Andrew,Gutkowski,2002-09-26,053-26-6732,17541 Norberto Fork,Apt. 482,42030-3935,Port Abner,District of Columbia,-62.256625,-5.620081,(602) 332-8894,antone.stiedemann@bashirian.com,MasterCard,2595-0131-9696-8952,04/26,EG138191009216529470402357551,40247133,OAVAKDMO220,Mertz-Koepp,Welder-Fitter
male,Dr.,Nikko,Predovic,2012-07-06,672-39-9717,47371 Viola Springs Apt. 480,,66114,New Brenden,Michigan,-27.273747,-50.718038,520-999-6041,nromaguera@halvorson.com,Visa,4532-7630-9023-9361,06/24,FI9147394489418825,6258852232041,VKTCNV1Q,Thompson Ltd,Air Crew Officer
female,Miss,Madie,Watsica,1980-11-23,236-19-3877,3759 Virginie Glens,,23081-9895,Kochberg,South Dakota,42.373551,-31.784011,469.931.6402,boyd.mueller@harris.biz,Visa,4024-0071-8119-1148,01/25,LU60052HP6J28Q73I8DO,2353438087943,JKJUVSGLI5C,Cartwright Medhurst and Keeling,Marking Clerk
male,Mr.,Mackenzie,Stracke,1953-08-28,807-93-3836,213 Zieme Turnpike,Apt. 589,77694-9079,Cydneyville,Vermont,50.790996,-50.324917,1-915-421-6311,mcclure.aliyah@hotmail.com,Visa,4916-9829-8489-0586,07/24,HU19257211609858838862902525,60504342,XEADAP2J,Jaskolski Dickinson and Morar,Hydrologist
female,Mrs.,Vesta,Thiel,2007-12-28,277-29-2791,68428 Zakary Neck Suite 861,,94745-6513,Arnehaven,Louisiana,-67.070947,155.298135,(831) 521-9827,tom78@mcdermott.com,MasterCard,5351-1266-5033-1207,12/26,HU17557035056401478168249288,34170115202,GEPAMWUELLK,Parisian Inc,Electronic Engineering Technician
male,Mr.,Ansley,Little,1967-10-05,792-83-4557,3234 Homenick Pines,,16288,Buckridgefort,Missouri,41.874912,151.463908,878-370-0679,leon02@hotmail.com,MasterCard,5308-8390-8553-4088,01/25,EE433144764037758086,401929381204,AMFAFHRZ9DE,Torp Barton and Kozey,Training Manager OR Development Manager
male,Mr.,Herbert,Considine,1989-03-13,501-38-0665,873 McLaughlin Circles Suite 719,,53819,Treutelhaven,Nebraska,69.682671,-154.454149,1-845-971-3945,effertz.brenden@jenkins.com,Discover Card,6011-6394-5842-5583,07/25,GR24996422367UQJ0N8C3N2ZE92,2426663843,QYSEXQ9B,Crona Kessler and Weimann,Social Sciences Teacher
male,Prof.,Tate,Harris,1947-11-22,703-18-7554,4158 Taurean Loaf Apt. 643,,2016,South Cieloport,Missouri,-36.166152,59.126219,+1.845.891.3746,zieme.dalton@walter.com,Visa,4024-0071-4983-0415,12/25,SE7067552927667400658059,1992436841,AYSUKGZ9,Prosacco Wehner and Lemke,Retail Salesperson
female,Prof.,Sydnie,Lynch,1975-02-06,223-33-0593,7402 Rau Tunnel,,53099-2500,Heavenside,Montana,-20.044389,159.95961,1-480-789-7607,osinski.keegan@hotmail.com,MasterCard,5447-9840-1279-8422,04/25,EG367525937291435456580309386,43388339045,FWDMDWXA,McDermott Weissnat and Lowe,Loan Officer
female,Dr.,Treva,DuBuque,1986-05-28,810-40-0863,891 Caden Village Suite 016,,72104,Felipeland,Oklahoma,-45.404523,46.648619,+1 (279) 700-5749,josephine.okuneva@kohler.com,MasterCard,2720-7549-5695-7333,11/26,LI313165801U05Y1IRQFQ,5293925714,YMTOPLJQ,Ryan Champlin and Ziemann,Transformer Repairer
male,Mr.,Christophe,West,1953-04-09,369-81-5892,387 Koelpin Station,,94166-4653,Millstown,Connecticut,-30.470374,-140.025002,17604121893,chadd79@gmail.com,Visa,4532-6170-9721-7194,12/25,AD835090195808M262CL11TZ,66206146901,PDQIGKF2,Morissette-Bergnaum,Craft Artist
female,Dr.,Lucienne,Bailey,1960-03-30,225-44-6031,345 Yoshiko Extension,Suite 128,36960,East Angelofurt,North Dakota,-87.228594,70.034876,+1 (743) 592-5072,caesar16@yahoo.com,MasterCard,2720-8970-3867-1222,07/25,GI73YGLJNJFL365T325A8D6,3466176487583,MNMIAJZOCHI,Hintz and Sons,License Clerk
male,Dr.,Jacey,Schowalter,1969-08-18,607-04-7101,2096 Haley Hill Suite 389,,29875-7564,South Morris,Georgia,49.86008,-119.245447,+1-575-973-6836,kris.hilbert@yahoo.com,MasterCard,2477-8243-2499-2208,11/26,CH2944735M5YIC62ZBM5B,469012967,ZUHIHQ7ZWWK,Muller Bogan and Hegmann,Train Crew
male,Dr.,Leonard,Stamm,2000-11-27,888-58-6562,624 Barrows Row Apt. 803,Suite 489,35168,Karliefort,Montana,81.030223,88.052257,843.591.1291,sage.klocko@hoppe.com,Discover Card,6011-5752-2438-2205,10/24,DE49469468582825720044,419109752,PUBDBQMQ,Stracke Hegmann and Rempel,Special Forces Officer
female,Ms.,Mollie,Murray,1969-10-21,407-74-1724,5765 Josue Parkway,,25352,Lake Magdalenashire,Kentucky,65.730716,-99.189102,+1 (213) 428-6737,kenny63@gmail.com,MasterCard,5226-6239-7224-5415,01/27,MC773273958322R3X965XOV5I98,57969247,FJWFNB8P,Kassulke-Moen,Agricultural Equipment Operator
female,Dr.,Irma,Gorczany,1964-08-28,805-33-3672,7310 Casper Orchard,Suite 941,09891-1527,Jamarcusstad,Kansas,73.23575,-90.175342,773-358-6769,casimir.predovic@abshire.com,Visa,4485-2447-3666-5068,05/26,LU377512U5AYHKG158ES,124051511546,YXKDVJTPTKL,Spencer Ltd,Automotive Technician
male,Prof.,Guido,Dietrich,1981-06-24,767-13-9675,28766 Gerlach Forge Apt. 660,Suite 819,07988-4233,Myrnaburgh,Indiana,-70.541647,175.620762,(938) 432-0435,bernhard.bernita@littel.biz,MasterCard,5286-1059-6812-1948,07/24,ES2289092311017158825523,6553199121214,BEMKHI02,Mills PLC,Fish Hatchery Manager
male,Prof.,Glennie,Rice,1997-06-25,879-93-3476,806 Aron Center,,85236,Savannahshire,Rhode Island,-30.697233,179.360605,+1.802.250.8551,jules.brekke@trantow.org,MasterCard,2368-4418-3804-1711,08/24,AE986751280147775363073,88135140195,CAKYJATP,Stracke-Volkman,Medical Records Technician
female,Ms.,Meda,Crona,1975-07-03,438-81-4258,28468 Larue Stream,Apt. 401,4723,West Marcella,Wyoming,26.368639,-146.628849,1-469-520-1952,giovanny.rolfson@hotmail.com,Visa,4184-5318-7443-3174,10/25,SM35L14734321052AO64J068HV7,145861066333,UYADXB0Y7AW,Sipes Hammes and Hessel,Soil Conservationist
female,Dr.,Estefania,Shanahan,1947-11-02,658-51-7593,8503 Levi Fort,,52134,Willtown,North Carolina,-20.263109,-73.375223,337.907.6206,white.tracy@becker.com,Visa,4716-4997-8583-8641,08/26,FI0451958254088327,45395211,BMMEXY59,Reichel-Zemlak,Library Worker
male,Mr.,Ed,Bergnaum,1949-11-17,409-61-5634,1786 Leora Skyway,,70398,Cummeratastad,Nebraska,43.404776,-55.165889,757-769-2715,mose61@gmail.com,MasterCard,2568-8317-9655-3897,04/25,RS80769357619331858526,873564219,YBDQLIK8,Schaden Hyatt and Gleichner,Mechanical Engineer
female,Dr.,Nicole,Hamill,2010-09-23,852-08-3065,8221 Hal Spurs Suite 386,,48525-1316,Lake Kaycee,Indiana,-34.277513,-47.536719,14428904615,bailee20@sanford.org,MasterCard,2720-9499-4547-1897,01/25,GT230UYN2FDGZF909559BARVT2T1,19828862,SOPOBS0L,McKenzie-Kling,Sculptor
male,Mr.,Jeff,Mann,1938-06-28,455-09-9023,1787 Weimann Green Suite 804,,19176-6065,Port Alysa,Oklahoma,40.233077,-49.195487,+1 (820) 598-3232,fweimann@hotmail.com,Visa,4485-9902-8999-9722,04/25,SE4952774839993408522214,21734747,PBUTLBELVJ3,Bahringer Group,Stationary Engineer OR Boiler Operator
male,Mr.,Tito,Hackett,1957-04-17,566-27-7032,9329 Garnett Harbors,,11183,Toyburgh,South Dakota,-30.950119,-13.924017,1-857-688-2071,schowalter.monique@gmail.com,Visa,4485-9597-3335-7415,06/25,IS368159603637574510254384,7323021281,QWVRSON9,Abbott-Huels,Biological Technician
female,Dr.,Virgie,Ledner,1936-10-25,805-40-3721,716 Agnes Overpass Apt. 728,,29310,Runteport,Kansas,17.89524,124.966649,351-465-9553,selena.miller@hotmail.com,JCB,3589-6031-7437-6412,10/26,HR2839304806062703153,12154340,CHOHFJW4WTM,Heathcote McCullough and Paucek,Home Appliance Installer
female,Prof.,Haylee,D'Amore,1943-11-07,893-99-6990,14159 Lempi Stravenue Suite 931,Apt. 117,99673-8856,Noestad,Iowa,79.140243,-68.492302,+1 (281) 813-7520,louisa.batz@medhurst.com,MasterCard,2446-5170-1826-3062,11/25,HU31508687433499655366537608,273547175,EBYPKB8N,Nolan-Maggio,Spotters
female,Prof.,Ines,Stokes,1990-09-04,212-89-4537,678 Harris Haven Suite 504,Suite 894,85771,Cummingsburgh,South Dakota,-49.665572,-90.611979,+1-217-828-6951,maudie.cremin@gmail.com,MasterCard,5248-6278-5957-2472,04/25,EE294368487199864366,780765221,BIIZAZ91RVC,Pfeffer LLC,Railroad Inspector
